{"v":"4.6.8","fr":25,"ip":0,"op":70,"w":1334,"h":750,"nm":"彩蛋","ddd":0,"assets":[{"id":"image_0","w":15,"h":15,"u":"images/","p":"img_0.png"},{"id":"image_1","w":34,"h":29,"u":"images/","p":"img_1.png"},{"id":"image_2","w":19,"h":16,"u":"images/","p":"img_2.png"},{"id":"image_3","w":26,"h":34,"u":"images/","p":"img_3.png"},{"id":"image_4","w":470,"h":109,"u":"images/","p":"img_4.png"},{"id":"image_5","w":399,"h":98,"u":"images/","p":"img_5.png"},{"id":"image_6","w":1334,"h":750,"u":"images/","p":"img_6.png"}],"layers":[{"ddd":0,"ind":1,"ty":2,"nm":"椭圆 2 拷贝 8.png","cl":"png","refId":"image_0","ks":{"o":{"a":1,"k":[{"i":{"x":[0.833],"y":[0.833]},"o":{"x":[0.167],"y":[0.167]},"n":["0p833_0p833_0p167_0p167"],"t":0,"s":[100],"e":[0]},{"i":{"x":[0.833],"y":[0.833]},"o":{"x":[0.167],"y":[0.167]},"n":["0p833_0p833_0p167_0p167"],"t":20,"s":[0],"e":[100]},{"i":{"x":[0.833],"y":[0.833]},"o":{"x":[0.167],"y":[0.167]},"n":["0p833_0p833_0p167_0p167"],"t":30,"s":[100],"e":[0]},{"t":40}]},"r":{"a":0,"k":0},"p":{"a":1,"k":[{"i":{"x":0.833,"y":0.833},"o":{"x":0.167,"y":0.167},"n":"0p833_0p833_0p167_0p167","t":0,"s":[1136,-31.5,0],"e":[1136,626.5,0],"to":[0,76.6666641235352,0],"ti":[0,-76.6666641235352,0]},{"t":40}]},"a":{"a":0,"k":[7.5,7.5,0]},"s":{"a":0,"k":[120,120,100]}},"ao":0,"ip":0,"op":56,"st":0,"bm":0,"sr":1},{"ddd":0,"ind":2,"ty":2,"nm":"矩形 1 拷贝 8.png","cl":"png","refId":"image_1","ks":{"o":{"a":1,"k":[{"i":{"x":[0.833],"y":[0.833]},"o":{"x":[0.167],"y":[0.167]},"n":["0p833_0p833_0p167_0p167"],"t":0,"s":[0],"e":[100]},{"i":{"x":[0.833],"y":[0.833]},"o":{"x":[0.167],"y":[0.167]},"n":["0p833_0p833_0p167_0p167"],"t":20,"s":[100],"e":[0]},{"t":40}]},"r":{"a":0,"k":0},"p":{"a":1,"k":[{"i":{"x":0.833,"y":0.833},"o":{"x":0.167,"y":0.167},"n":"0p833_0p833_0p167_0p167","t":0,"s":[236,-157.5,0],"e":[236,648.5,0],"to":[0,11.9899301528931,0],"ti":[0,-21.1841564178467,0]},{"t":40}]},"a":{"a":0,"k":[7.5,7.5,0]},"s":{"a":0,"k":[100,100,100]}},"ao":0,"ip":0,"op":56,"st":0,"bm":0,"sr":1},{"ddd":0,"ind":3,"ty":2,"nm":"矩形 1 拷贝 10.png","cl":"png","refId":"image_2","ks":{"o":{"a":1,"k":[{"i":{"x":[0.833],"y":[0.833]},"o":{"x":[0.167],"y":[0.167]},"n":["0p833_0p833_0p167_0p167"],"t":0,"s":[100],"e":[0]},{"i":{"x":[0.833],"y":[0.833]},"o":{"x":[0.167],"y":[0.167]},"n":["0p833_0p833_0p167_0p167"],"t":20,"s":[0],"e":[100]},{"i":{"x":[0.833],"y":[0.833]},"o":{"x":[0.167],"y":[0.167]},"n":["0p833_0p833_0p167_0p167"],"t":30,"s":[100],"e":[0]},{"t":40}]},"r":{"a":0,"k":0},"p":{"a":1,"k":[{"i":{"x":0.833,"y":0.833},"o":{"x":0.167,"y":0.167},"n":"0p833_0p833_0p167_0p167","t":0,"s":[876,-197.5,0],"e":[876,262.5,0],"to":[0,11.9899301528931,0],"ti":[0,-21.1841564178467,0]},{"t":40}]},"a":{"a":0,"k":[7.5,7.5,0]},"s":{"a":0,"k":[100,100,100]}},"ao":0,"ip":0,"op":56,"st":0,"bm":0,"sr":1},{"ddd":0,"ind":4,"ty":2,"nm":"矩形 1 拷贝 11.png","cl":"png","refId":"image_3","ks":{"o":{"a":1,"k":[{"i":{"x":[0.833],"y":[0.833]},"o":{"x":[0.167],"y":[0.167]},"n":["0p833_0p833_0p167_0p167"],"t":0,"s":[100],"e":[0]},{"i":{"x":[0.833],"y":[0.833]},"o":{"x":[0.167],"y":[0.167]},"n":["0p833_0p833_0p167_0p167"],"t":20,"s":[0],"e":[100]},{"i":{"x":[0.833],"y":[0.833]},"o":{"x":[0.167],"y":[0.167]},"n":["0p833_0p833_0p167_0p167"],"t":30,"s":[100],"e":[0]},{"t":40}]},"r":{"a":0,"k":0},"p":{"a":1,"k":[{"i":{"x":0.833,"y":0.833},"o":{"x":0.167,"y":0.167},"n":"0p833_0p833_0p167_0p167","t":0,"s":[396,-37.5,0],"e":[396,422.5,0],"to":[0,18.9407958984375,0],"ti":[0,-57.7258720397949,0]},{"t":40}]},"a":{"a":0,"k":[7.5,7.5,0]},"s":{"a":0,"k":[100,100,100]}},"ao":0,"ip":0,"op":56,"st":0,"bm":0,"sr":1},{"ddd":0,"ind":5,"ty":2,"nm":"椭圆 2 拷贝 8.png","cl":"png","refId":"image_0","ks":{"o":{"a":1,"k":[{"i":{"x":[0.833],"y":[0.833]},"o":{"x":[0.167],"y":[0.167]},"n":["0p833_0p833_0p167_0p167"],"t":0,"s":[0],"e":[100]},{"i":{"x":[0.833],"y":[0.833]},"o":{"x":[0.167],"y":[0.167]},"n":["0p833_0p833_0p167_0p167"],"t":20,"s":[100],"e":[0]},{"t":40}]},"r":{"a":0,"k":0},"p":{"a":1,"k":[{"i":{"x":0.833,"y":0.833},"o":{"x":0.167,"y":0.167},"n":"0p833_0p833_0p167_0p167","t":0,"s":[456,282.5,0],"e":[456,742.5,0],"to":[0,24.1446266174316,0],"ti":[0,-47.642951965332,0]},{"t":40}]},"a":{"a":0,"k":[7.5,7.5,0]},"s":{"a":0,"k":[100,100,100]}},"ao":0,"ip":0,"op":56,"st":0,"bm":0,"sr":1},{"ddd":0,"ind":6,"ty":2,"nm":"椭圆 2 拷贝 8.png","cl":"png","refId":"image_0","ks":{"o":{"a":1,"k":[{"i":{"x":[0.833],"y":[0.833]},"o":{"x":[0.167],"y":[0.167]},"n":["0p833_0p833_0p167_0p167"],"t":0,"s":[0],"e":[100]},{"i":{"x":[0.833],"y":[0.833]},"o":{"x":[0.167],"y":[0.167]},"n":["0p833_0p833_0p167_0p167"],"t":20,"s":[100],"e":[0]},{"t":40}]},"r":{"a":0,"k":0},"p":{"a":1,"k":[{"i":{"x":0.833,"y":0.833},"o":{"x":0.167,"y":0.167},"n":"0p833_0p833_0p167_0p167","t":0,"s":[1016,142.5,0],"e":[1016,602.5,0],"to":[0,76.6666641235352,0],"ti":[0,-76.6666641235352,0]},{"t":40}]},"a":{"a":0,"k":[7.5,7.5,0]},"s":{"a":0,"k":[100,100,100]}},"ao":0,"ip":0,"op":56,"st":0,"bm":0,"sr":1},{"ddd":0,"ind":7,"ty":2,"nm":"组 5.png","cl":"png","refId":"image_4","ks":{"o":{"a":1,"k":[{"i":{"x":[0.667],"y":[1]},"o":{"x":[0.333],"y":[0]},"n":["0p667_1_0p333_0"],"t":0,"s":[0],"e":[100]},{"i":{"x":[0.667],"y":[0.667]},"o":{"x":[0.333],"y":[0.333]},"n":["0p667_0p667_0p333_0p333"],"t":10,"s":[100],"e":[100]},{"i":{"x":[0.833],"y":[1]},"o":{"x":[0.333],"y":[0]},"n":["0p833_1_0p333_0"],"t":45,"s":[100],"e":[0]},{"t":55}]},"r":{"a":0,"k":0},"p":{"a":1,"k":[{"i":{"x":0.667,"y":1},"o":{"x":0.333,"y":0},"n":"0p667_1_0p333_0","t":0,"s":[0,642,0],"e":[667,586,0],"to":[111.166664123535,-9.33333301544189,0],"ti":[-111.166664123535,9.33333301544189,0]},{"t":10}]},"a":{"a":0,"k":[235,54.5,0]},"s":{"a":0,"k":[100,100,100]}},"ao":0,"ip":0,"op":56,"st":0,"bm":0,"sr":1},{"ddd":0,"ind":8,"ty":2,"nm":"恭喜你触发了.png","cl":"png","refId":"image_5","ks":{"o":{"a":1,"k":[{"i":{"x":[0.667],"y":[1]},"o":{"x":[0.333],"y":[0]},"n":["0p667_1_0p333_0"],"t":0,"s":[0],"e":[100]},{"i":{"x":[0.667],"y":[0.667]},"o":{"x":[0.333],"y":[0.333]},"n":["0p667_0p667_0p333_0p333"],"t":10,"s":[100],"e":[100]},{"i":{"x":[0.833],"y":[1]},"o":{"x":[0.333],"y":[0]},"n":["0p833_1_0p333_0"],"t":45,"s":[100],"e":[0]},{"t":55}]},"r":{"a":0,"k":0},"p":{"a":1,"k":[{"i":{"x":0.667,"y":1},"o":{"x":0.333,"y":0},"n":"0p667_1_0p333_0","t":0,"s":[1334,421,0],"e":[667,501,0],"to":[-111.166664123535,13.3333330154419,0],"ti":[111.166664123535,-13.3333330154419,0]},{"t":10}]},"a":{"a":0,"k":[199.5,49,0]},"s":{"a":0,"k":[100,100,100]}},"ao":0,"ip":0,"op":56,"st":0,"bm":0,"sr":1},{"ddd":0,"ind":9,"ty":2,"nm":"组 2.png","cl":"png","refId":"image_6","ks":{"o":{"a":1,"k":[{"i":{"x":[0.667],"y":[1]},"o":{"x":[0.333],"y":[0]},"n":["0p667_1_0p333_0"],"t":0,"s":[0],"e":[100]},{"i":{"x":[0.667],"y":[0.667]},"o":{"x":[0.333],"y":[0.333]},"n":["0p667_0p667_0p333_0p333"],"t":10,"s":[100],"e":[100]},{"i":{"x":[0.833],"y":[1]},"o":{"x":[0.333],"y":[0]},"n":["0p833_1_0p333_0"],"t":45,"s":[100],"e":[0]},{"t":55}]},"r":{"a":0,"k":0},"p":{"a":1,"k":[{"i":{"x":0.667,"y":1},"o":{"x":0.333,"y":0},"n":"0p667_1_0p333_0","t":0,"s":[667,143,0],"e":[667,375,0],"to":[0,38.6666679382324,0],"ti":[0,-38.6666679382324,0]},{"t":10}]},"a":{"a":0,"k":[667,375,0]},"s":{"a":0,"k":[100,100,100]}},"ao":0,"ip":0,"op":56,"st":0,"bm":0,"sr":1}]}